Time [s],Packet ID,Address,Data,Read/Write,ACK/NAK
1.396227940000000,1,0x4E,0x00,Write,ACK
1.496450310000000,2,0x4E,0x34,Write,ACK
1.496679830000000,3,0x4E,0x30,Write,ACK
1.501438270000000,4,0x4E,0x34,Write,ACK
1.501667660000000,5,0x4E,0x30,Write,ACK
1.502052140000000,6,0x4E,0x34,Write,ACK
1.502281520000000,7,0x4E,0x30,Write,ACK
1.502670870000000,8,0x4E,0x24,Write,ACK
1.502900260000000,9,0x4E,0x20,Write,ACK
1.503284610000000,10,0x4E,0x24,Write,ACK
1.503514000000000,11,0x4E,0x20,Write,ACK
1.503748450000000,12,0x4E,0x84,Write,ACK
1.503977830000000,13,0x4E,0x80,Write,ACK
1.504272210000000,14,0x4E,0x04,Write,ACK
1.504501600000000,15,0x4E,0x00,Write,ACK
1.504736040000000,16,0x4E,0xC4,Write,ACK
1.504965560000000,17,0x4E,0xC0,Write,ACK
1.505199940000000,18,0x4E,0x04,Write,ACK
1.505429330000000,19,0x4E,0x00,Write,ACK
1.505663770000000,20,0x4E,0x14,Write,ACK
1.505893160000000,21,0x4E,0x10,Write,ACK
1.508142160000000,22,0x4E,0x04,Write,ACK
1.508371670000000,23,0x4E,0x00,Write,ACK
1.508606120000000,24,0x4E,0x64,Write,ACK
1.508835640000000,25,0x4E,0x60,Write,ACK
1.509070080000000,26,0x4E,0x00,Write,ACK
1.509299530000000,27,0x4E,0x08,Write,ACK
3.509102010000000,28,0x4E,0x0C,Write,ACK
3.509331520000000,29,0x4E,0x08,Write,ACK
3.509566030000000,30,0x4E,0x2C,Write,ACK
3.509795540000000,31,0x4E,0x28,Write,ACK
3.512049600000000,32,0x4E,0x2D,Write,ACK
3.512278930000000,33,0x4E,0x29,Write,NAK
3.512513440000000,34,0x4E,0x0D,Write,NAK
3.512742950000000,36,0x4E,0x09,Write,Missing ACK/NAK
3.512982400000000,37,0x4E,0x6D,Write,NAK
3.513211910000000,38,0x4E,0x69,Write,NAK
3.513446420000000,39,0x4E,0x7D,Write,NAK
3.513675810000000,40,0x4E,0x79,Write,NAK
3.513915250000000,41,0x4E,0x6D,Write,ACK
3.514144770000000,42,0x4E,0x69,Write,NAK
3.514379280000000,43,0x4E,0xFD,Write,NAK
3.514608790000000,44,0x4E,0xF9,Write,NAK
3.514848180000000,45,0x4E,0x7D,Write,ACK
3.515077560000000,46,0x4E,0x79,Write,NAK
3.515316940000000,47,0x4E,0x6D,Write,ACK
3.515546330000000,49,0x4E,0x69,Write,Missing ACK/NAK
3.515785720000000,50,0x4E,0x7D,Write,NAK
3.516015100000000,51,0x4E,0x79,Write,ACK
3.516249550000000,52,0x4E,0x4D,Write,NAK
3.516479060000000,53,0x4E,0x49,Write,ACK
3.516718510000000,54,0x4E,0x6D,Write,NAK
3.516948020000000,55,0x4E,0x69,Write,NAK
3.517182470000000,56,0x4E,0x5D,Write,NAK
3.517411790000000,57,0x4E,0x59,Write,ACK
3.517651240000000,58,0x4E,0x6D,Write,NAK
3.517880750000000,59,0x4E,0x69,Write,ACK
3.518115200000000,60,0x4E,0x3D,Write,NAK
3.518344710000000,61,0x4E,0x39,Write,ACK
3.518584100000000,62,0x4E,0x6D,Write,NAK
3.518813480000000,63,0x4E,0x69,Write,ACK
3.519047930000000,64,0x4E,0x8D,Write,ACK
3.519277320000000,65,0x4E,0x89,Write,NAK
3.519516770000000,66,0x4E,0x2D,Write,NAK
3.519746280000000,67,0x4E,0x29,Write,NAK
3.519980790000000,68,0x4E,0x0D,Write,NAK
3.520210300000000,69,0x4E,0x09,Write,NAK
3.520454370000000,70,0x4E,0x6D,Write,NAK
3.520683760000000,71,0x4E,0x69,Write,NAK
3.520918210000000,72,0x4E,0x3D,Write,NAK
3.521147720000000,73,0x4E,0x39,Write,NAK
3.521387100000000,75,0x4E,0x7D,Write,Missing ACK/NAK
3.521616610000000,76,0x4E,0x79,Write,ACK
3.521851070000000,77,0x4E,0x4D,Write,ACK
3.522080450000000,78,0x4E,0x49,Write,NAK
3.522319900000000,79,0x4E,0x6D,Write,NAK
3.522549220000000,80,0x4E,0x69,Write,NAK
3.522783670000000,81,0x4E,0x6D,Write,NAK
3.523013180000000,82,0x4E,0x69,Write,NAK
3.523252630000000,83,0x4E,0x2D,Write,NAK
3.523487140000000,84,0x4E,0x29,Write,NAK
3.523721650000000,85,0x4E,0x0D,Write,NAK
3.523951160000000,86,0x4E,0x09,Write,NAK
3.524195610000000,87,0x4E,0xCC,Write,ACK
3.524425120000000,88,0x4E,0xC8,Write,ACK
3.524659630000000,89,0x4E,0x0C,Write,ACK
3.524889140000000,90,0x4E,0x08,Write,ACK
3.525133520000000,91,0x4E,0x2D,Write,NAK
3.525362910000000,92,0x4E,0x29,Write,NAK
3.525597360000000,93,0x4E,0x0D,Write,NAK
3.525826750000000,94,0x4E,0x09,Write,NAK
3.526066130000000,95,0x4E,0x7D,Write,NAK
3.526295520000000,96,0x4E,0x79,Write,NAK
3.526529910000000,97,0x4E,0x7D,Write,ACK
3.526759420000000,98,0x4E,0x79,Write,NAK
3.526998860000000,100,0x4E,0x6D,Write,Missing ACK/NAK
3.527228380000000,101,0x4E,0x69,Write,ACK
3.527462820000000,102,0x4E,0x5D,Write,NAK
3.527692150000000,103,0x4E,0x59,Write,NAK
3.527931590000000,104,0x4E,0x6D,Write,ACK
3.528161110000000,105,0x4E,0x69,Write,ACK
3.528395550000000,106,0x4E,0xCD,Write,ACK
3.528630060000000,107,0x4E,0xC9,Write,ACK
3.528869450000000,108,0x4E,0x6D,Write,NAK
3.529098840000000,109,0x4E,0x69,Write,ACK
3.529333290000000,110,0x4E,0x3D,Write,ACK
3.529562800000000,111,0x4E,0x39,Write,ACK
3.529802180000000,112,0x4E,0x6D,Write,NAK
3.530031570000000,113,0x4E,0x69,Write,NAK
3.530266080000000,114,0x4E,0xFD,Write,NAK
3.530495460000000,115,0x4E,0xF9,Write,ACK
3.530734850000000,116,0x4E,0x6D,Write,NAK
3.530964240000000,117,0x4E,0x69,Write,NAK
3.531198620000000,118,0x4E,0xDD,Write,NAK
3.531428010000000,119,0x4E,0xD9,Write,NAK
3.531667390000000,120,0x4E,0x6D,Write,NAK
3.531896780000000,121,0x4E,0x69,Write,NAK
3.532131230000000,122,0x4E,0x5D,Write,NAK
3.532360740000000,123,0x4E,0x59,Write,NAK
3.532600190000000,124,0x4E,0x2D,Write,NAK
3.532829700000000,125,0x4E,0x29,Write,NAK
3.533064210000000,126,0x4E,0x0D,Write,NAK
3.533293720000000,127,0x4E,0x09,Write,NAK
3.533533100000000,128,0x4E,0x7D,Write,ACK
3.533762620000000,129,0x4E,0x79,Write,NAK
3.533997070000000,130,0x4E,0x4D,Write,ACK
3.534226450000000,131,0x4E,0x49,Write,NAK
3.534465900000000,132,0x4E,0x6D,Write,NAK
3.534695410000000,133,0x4E,0x69,Write,NAK
3.534929920000000,134,0x4E,0xFD,Write,NAK
3.535159430000000,135,0x4E,0xF9,Write,ACK
3.535398880000000,136,0x4E,0x2D,Write,NAK
3.535628270000000,137,0x4E,0x29,Write,NAK
3.535862710000000,138,0x4E,0x0D,Write,ACK
3.536092100000000,139,0x4E,0x09,Write,NAK
3.536331550000000,140,0x4E,0x6D,Write,NAK
3.536561060000000,141,0x4E,0x69,Write,NAK
3.536800440000000,142,0x4E,0x9D,Write,NAK
3.537029830000000,144,0x4E,0x99,Write,Missing ACK/NAK
3.537269280000000,145,0x4E,0x6D,Write,NAK
3.537498790000000,146,0x4E,0x69,Write,NAK
3.537733300000000,147,0x4E,0xFD,Write,NAK
3.537962810000000,149,0x4E,0xF9,Write,Missing ACK/NAK
3.538202200000000,150,0x4E,0x7D,Write,NAK
3.538431590000000,151,0x4E,0x79,Write,ACK
3.538666030000000,153,0x4E,0x4D,Write,Missing ACK/NAK
3.538895540000000,154,0x4E,0x49,Write,ACK
3.539134990000000,156,0x4E,0x2D,Write,Missing ACK/NAK
3.539364380000000,157,0x4E,0x29,Write,NAK
3.539598890000000,158,0x4E,0x0D,Write,NAK
3.539828400000000,159,0x4E,0x09,Write,NAK
5.539631070000000,160,0x4E,0x0C,Write,ACK
5.539860460000000,161,0x4E,0x08,Write,ACK
5.540094960000000,162,0x4E,0x1C,Write,ACK
5.540329480000000,163,0x4E,0x18,Write,ACK
5.542578540000000,164,0x4E,0x0C,Write,ACK
5.542807930000000,165,0x4E,0x08,Write,ACK
5.543042440000000,166,0x4E,0x2C,Write,ACK
5.543271950000000,167,0x4E,0x28,Write,ACK
5.545525960000000,168,0x4E,0x2D,Write,ACK
5.545755340000000,169,0x4E,0x29,Write,NAK
5.545989850000000,170,0x4E,0x0D,Write,NAK
5.546219360000000,171,0x4E,0x09,Write,ACK
5.546463870000000,172,0x4E,0x7D,Write,NAK
5.546693260000000,173,0x4E,0x79,Write,NAK
5.546927710000000,174,0x4E,0x5D,Write,NAK
5.547157220000000,175,0x4E,0x59,Write,NAK
5.547396610000000,177,0x4E,0x7D,Write,Missing ACK/NAK
5.547626110000000,178,0x4E,0x79,Write,ACK
5.547860560000000,179,0x4E,0x3D,Write,ACK
5.548090070000000,180,0x4E,0x39,Write,ACK
5.548329530000000,182,0x4E,0x6D,Write,Missing ACK/NAK
5.548558850000000,183,0x4E,0x69,Write,NAK
5.548793300000000,184,0x4E,0x5D,Write,ACK
5.549022800000000,185,0x4E,0x59,Write,NAK
5.549262190000000,186,0x4E,0x7D,Write,NAK
5.549491580000000,187,0x4E,0x79,Write,NAK
5.549726030000000,188,0x4E,0x2D,Write,ACK
5.549955540000000,189,0x4E,0x29,Write,NAK
5.550194980000000,190,0x4E,0x6D,Write,ACK
5.550424500000000,191,0x4E,0x69,Write,NAK
5.550659010000000,192,0x4E,0xED,Write,NAK
5.550888390000000,193,0x4E,0xE9,Write,ACK
5.551127840000000,194,0x4E,0x6D,Write,NAK
5.551357350000000,196,0x4E,0x69,Write,Missing ACK/NAK
5.551596800000000,197,0x4E,0x1D,Write,NAK
5.551826310000000,199,0x4E,0x19,Write,Missing ACK/NAK
5.552065760000000,200,0x4E,0x6D,Write,NAK
5.552295270000000,201,0x4E,0x69,Write,NAK
5.552529660000000,202,0x4E,0xDD,Write,NAK
5.552759170000000,203,0x4E,0xD9,Write,NAK
5.552998610000000,204,0x4E,0x6D,Write,ACK
5.553228130000000,205,0x4E,0x69,Write,NAK
5.553462570000000,206,0x4E,0x5D,Write,ACK
5.553691900000000,207,0x4E,0x59,Write,NAK
5.553931350000000,208,0x4E,0x3D,Write,ACK
5.554160860000000,209,0x4E,0x39,Write,NAK
5.554395310000000,210,0x4E,0xAD,Write,ACK
5.554624820000000,211,0x4E,0xA9,Write,NAK
5.554864260000000,212,0x4E,0x2D,Write,ACK
5.555093780000000,213,0x4E,0x29,Write,NAK
5.555328290000000,214,0x4E,0x0D,Write,NAK
5.555557800000000,215,0x4E,0x09,Write,NAK
5.555802180000000,216,0x4E,0xCC,Write,ACK
5.556031570000000,217,0x4E,0xC8,Write,ACK
5.556266080000000,218,0x4E,0x0C,Write,ACK
5.556495470000000,219,0x4E,0x08,Write,ACK
5.556745600000000,220,0x4E,0x2D,Write,NAK
5.556974980000000,221,0x4E,0x29,Write,ACK
5.557209500000000,222,0x4E,0x0D,Write,NAK
5.557439010000000,223,0x4E,0x09,Write,NAK
5.557678390000000,225,0x4E,0x6D,Write,Missing ACK/NAK
5.557907780000000,226,0x4E,0x69,Write,NAK
5.558142160000000,227,0x4E,0x7D,Write,NAK
5.558371550000000,228,0x4E,0x79,Write,NAK
5.558611000000000,229,0x4E,0x6D,Write,NAK
5.558840320000000,231,0x4E,0x69,Write,Missing ACK/NAK
5.559074830000000,232,0x4E,0xFD,Write,ACK
5.559304220000000,233,0x4E,0xF9,Write,NAK
5.559543600000000,234,0x4E,0x7D,Write,NAK
5.559778120000000,235,0x4E,0x79,Write,NAK
5.560012560000000,236,0x4E,0x6D,Write,ACK
5.560242070000000,237,0x4E,0x69,Write,ACK
5.560481460000000,238,0x4E,0x7D,Write,NAK
5.560710850000000,239,0x4E,0x79,Write,NAK
5.560945300000000,240,0x4E,0x4D,Write,NAK
5.561174810000000,241,0x4E,0x49,Write,NAK
5.561414250000000,242,0x4E,0x6D,Write,ACK
5.561643770000000,243,0x4E,0x69,Write,NAK
5.561878150000000,244,0x4E,0x5D,Write,NAK
5.562107540000000,245,0x4E,0x59,Write,NAK
5.562346990000000,246,0x4E,0x6D,Write,ACK
5.562576500000000,247,0x4E,0x69,Write,NAK
5.562810890000000,249,0x4E,0x3D,Write,Missing ACK/NAK
5.563040270000000,250,0x4E,0x39,Write,NAK
5.563279720000000,251,0x4E,0x6D,Write,NAK
5.563509230000000,252,0x4E,0x69,Write,NAK
5.563743680000000,253,0x4E,0x8D,Write,NAK
5.563973190000000,254,0x4E,0x89,Write,NAK
5.564212570000000,255,0x4E,0x7D,Write,ACK
5.564441960000000,256,0x4E,0x79,Write,NAK
5.564676410000000,257,0x4E,0x3D,Write,NAK
5.564910920000000,258,0x4E,0x39,Write,NAK
5.565150430000000,259,0x4E,0x7D,Write,NAK
5.565379810000000,260,0x4E,0x79,Write,ACK
5.565614260000000,261,0x4E,0x4D,Write,ACK
5.565843650000000,262,0x4E,0x49,Write,NAK
5.566083040000000,263,0x4E,0x6D,Write,ACK
5.566312420000000,264,0x4E,0x69,Write,NAK
5.566546870000000,265,0x4E,0x1D,Write,NAK
5.566776260000000,266,0x4E,0x19,Write,NAK
5.567015640000000,267,0x4E,0x6D,Write,NAK
5.567245020000000,268,0x4E,0x69,Write,NAK
5.567479480000000,269,0x4E,0x3D,Write,NAK
5.567708990000000,270,0x4E,0x39,Write,NAK
5.567952120000000,271,0x4E,0x6D,Write,NAK
5.568181510000000,272,0x4E,0x69,Write,NAK
5.568415900000000,273,0x4E,0xBD,Write,ACK
5.568645280000000,274,0x4E,0xB9,Write,NAK
5.568884730000000,275,0x4E,0x2D,Write,NAK
5.569114240000000,276,0x4E,0x29,Write,NAK
5.569348750000000,277,0x4E,0x0D,Write,NAK
5.569578260000000,278,0x4E,0x09,Write,NAK
7.569381050000000,279,0x4E,0x0C,Write,ACK
7.569610560000000,280,0x4E,0x08,Write,ACK
7.569845080000000,281,0x4E,0x1C,Write,ACK
7.570074590000000,282,0x4E,0x18,Write,ACK
7.572323530000000,283,0x4E,0x0C,Write,ACK
7.572553040000000,284,0x4E,0x08,Write,ACK
7.572787550000000,285,0x4E,0x2C,Write,ACK
7.573017060000000,286,0x4E,0x28,Write,ACK
7.575271130000000,287,0x4E,0x2D,Write,NAK
7.575500640000000,288,0x4E,0x29,Write,NAK
7.575735090000000,289,0x4E,0x0D,Write,NAK
7.575964470000000,291,0x4E,0x09,Write,Missing ACK/NAK
7.576203860000000,292,0x4E,0x7D,Write,NAK
7.576433240000000,293,0x4E,0x79,Write,ACK
7.576667690000000,295,0x4E,0x0D,Write,Missing ACK/NAK
7.576897080000000,296,0x4E,0x09,Write,NAK
7.577136530000000,297,0x4E,0x6D,Write,NAK
7.577366040000000,298,0x4E,0x69,Write,NAK
7.577600490000000,299,0x4E,0x1D,Write,NAK
7.577830000000000,300,0x4E,0x19,Write,NAK
7.578069380000000,302,0x4E,0x7D,Write,Missing ACK/NAK
7.578298770000000,303,0x4E,0x79,Write,NAK
7.578533220000000,304,0x4E,0x3D,Write,NAK
7.578762540000000,305,0x4E,0x39,Write,NAK
7.579001930000000,306,0x4E,0x7D,Write,NAK
7.579231310000000,307,0x4E,0x79,Write,ACK
7.579465760000000,309,0x4E,0x3D,Write,Missing ACK/NAK
7.579700270000000,311,0x4E,0x39,Write,Missing ACK/NAK
7.579939780000000,312,0x4E,0x7D,Write,NAK
7.580169170000000,313,0x4E,0x79,Write,NAK
7.580403550000000,314,0x4E,0x7D,Write,ACK
7.580632940000000,315,0x4E,0x79,Write,NAK
7.580872330000000,316,0x4E,0x6D,Write,NAK
7.581101710000000,318,0x4E,0x69,Write,Missing ACK/NAK
7.581336220000000,320,0x4E,0xFD,Write,Missing ACK/NAK
7.581565610000000,321,0x4E,0xF9,Write,NAK
7.581805120000000,322,0x4E,0x7D,Write,NAK
7.582034510000000,323,0x4E,0x79,Write,NAK
7.582268960000000,324,0x4E,0x2D,Write,ACK
7.582498340000000,325,0x4E,0x29,Write,NAK
7.582739170000000,326,0x4E,0x6D,Write,ACK
7.582968680000000,327,0x4E,0x69,Write,ACK
7.583203120000000,328,0x4E,0x4D,Write,ACK
7.583432510000000,329,0x4E,0x49,Write,NAK
7.583671900000000,330,0x4E,0x3D,Write,ACK
7.583901280000000,331,0x4E,0x39,Write,NAK
7.584135730000000,332,0x4E,0xAD,Write,NAK
7.584365240000000,333,0x4E,0xA9,Write,NAK
7.584604690000000,334,0x4E,0x2D,Write,NAK
7.584834200000000,335,0x4E,0x29,Write,NAK
7.585068710000000,336,0x4E,0x0D,Write,NAK
7.585298220000000,337,0x4E,0x09,Write,NAK
7.585537670000000,338,0x4E,0x2D,Write,NAK
7.585767060000000,339,0x4E,0x29,Write,NAK
7.586001500000000,340,0x4E,0x0D,Write,ACK
7.586230890000000,341,0x4E,0x09,Write,NAK
7.586470340000000,342,0x4E,0x2D,Write,NAK
7.586699720000000,343,0x4E,0x29,Write,NAK
7.586934170000000,344,0x4E,0x0D,Write,ACK
7.587163560000000,345,0x4E,0x09,Write,NAK
7.587403010000000,346,0x4E,0x2D,Write,NAK
7.587632390000000,347,0x4E,0x29,Write,ACK
7.587871840000000,348,0x4E,0x0D,Write,NAK
7.588101230000000,349,0x4E,0x09,Write,NAK
7.588340670000000,350,0x4E,0x4D,Write,ACK
7.588570060000000,351,0x4E,0x49,Write,NAK
7.588804450000000,352,0x4E,0x7D,Write,NAK
7.589033960000000,353,0x4E,0x79,Write,NAK
7.589273410000000,354,0x4E,0x3D,Write,NAK
7.589502920000000,355,0x4E,0x39,Write,NAK
7.589737430000000,356,0x4E,0x0D,Write,NAK
7.589966750000000,358,0x4E,0x09,Write,Missing ACK/NAK
7.590211200000000,359,0x4E,0xCC,Write,ACK
7.590440710000000,360,0x4E,0xC8,Write,ACK
7.590675220000000,361,0x4E,0x0C,Write,ACK
7.590904610000000,362,0x4E,0x08,Write,ACK
7.591149050000000,363,0x4E,0x7D,Write,ACK
7.591378440000000,364,0x4E,0x79,Write,NAK
7.591612890000000,365,0x4E,0x6D,Write,NAK
7.591842400000000,366,0x4E,0x69,Write,NAK
7.592081780000000,367,0x4E,0x5D,Write,ACK
7.592311170000000,368,0x4E,0x59,Write,NAK
7.592545620000000,369,0x4E,0x4D,Write,NAK
7.592775010000000,370,0x4E,0x49,Write,NAK
7.593019390000000,371,0x4E,0x3D,Write,NAK
7.593248780000000,372,0x4E,0x39,Write,NAK
7.593483220000000,373,0x4E,0x3D,Write,ACK
7.593712740000000,374,0x4E,0x39,Write,NAK
7.593952120000000,375,0x4E,0x6D,Write,NAK
7.594181510000000,376,0x4E,0x69,Write,NAK
7.594415960000000,377,0x4E,0x3D,Write,NAK
7.594645470000000,378,0x4E,0x39,Write,NAK
7.594884920000000,379,0x4E,0x4D,Write,NAK
7.595114430000000,380,0x4E,0x49,Write,NAK
7.595348880000000,381,0x4E,0x8D,Write,NAK
7.595578260000000,382,0x4E,0x89,Write,ACK
7.595817710000000,383,0x4E,0x2D,Write,NAK
7.596048160000000,384,0x4E,0x29,Write,NAK
7.596282610000000,385,0x4E,0x1D,Write,NAK
7.596511990000000,386,0x4E,0x19,Write,ACK
7.596751440000000,387,0x4E,0x3D,Write,NAK
7.596980950000000,388,0x4E,0x39,Write,NAK
7.597215340000000,389,0x4E,0x3D,Write,NAK
7.597444720000000,390,0x4E,0x39,Write,ACK
7.597684110000000,391,0x4E,0x7D,Write,NAK
7.597913500000000,392,0x4E,0x79,Write,ACK
7.598147880000000,393,0x4E,0x3D,Write,NAK
7.598377270000000,394,0x4E,0x39,Write,NAK
7.598616720000000,395,0x4E,0x5D,Write,ACK
7.598846220000000,396,0x4E,0x59,Write,NAK
7.599080680000000,397,0x4E,0x0D,Write,NAK
7.599310060000000,399,0x4E,0x09,Write,Missing ACK/NAK
7.599549510000000,400,0x4E,0x4D,Write,NAK
7.599778900000000,401,0x4E,0x49,Write,NAK
7.600013410000000,402,0x4E,0x0D,Write,NAK
7.600242730000000,403,0x4E,0x09,Write,NAK
7.600482180000000,404,0x4E,0x2D,Write,NAK
7.600711570000000,405,0x4E,0x29,Write,NAK
7.600946010000000,406,0x4E,0x4D,Write,ACK
7.601180520000000,407,0x4E,0x49,Write,ACK
7.601419970000000,408,0x4E,0x2D,Write,NAK
7.601649360000000,409,0x4E,0x29,Write,NAK
7.601883810000000,410,0x4E,0x4D,Write,NAK
7.602113200000000,411,0x4E,0x49,Write,ACK
7.602352700000000,413,0x4E,0x7D,Write,Missing ACK/NAK
7.602582090000000,414,0x4E,0x79,Write,NAK
7.602816480000000,415,0x4E,0x7D,Write,ACK
7.603045860000000,416,0x4E,0x79,Write,NAK
7.603285240000000,417,0x4E,0x3D,Write,NAK
7.603514630000000,418,0x4E,0x39,Write,ACK
7.603749140000000,419,0x4E,0x0D,Write,ACK
7.603978650000000,420,0x4E,0x09,Write,NAK
7.604218040000000,421,0x4E,0x7D,Write,NAK
7.604447550000000,423,0x4E,0x79,Write,Missing ACK/NAK
7.604682000000000,424,0x4E,0x2D,Write,NAK
7.604911390000000,425,0x4E,0x29,Write,NAK
7.605150830000000,426,0x4E,0x4D,Write,ACK
7.605380350000000,427,0x4E,0x49,Write,NAK
7.605614790000000,428,0x4E,0x4D,Write,ACK
7.605844180000000,429,0x4E,0x49,Write,NAK
9.605647030000000,430,0x4E,0x0C,Write,ACK
9.605876540000001,431,0x4E,0x08,Write,ACK
9.606111060000000,432,0x4E,0x1C,Write,ACK
9.606340570000000,433,0x4E,0x18,Write,ACK
9.608589510000000,434,0x4E,0x0C,Write,ACK
9.608824020000000,435,0x4E,0x08,Write,ACK
9.609058530000000,436,0x4E,0x2C,Write,ACK
9.609288039999999,437,0x4E,0x28,Write,ACK
9.611542099999999,438,0x4E,0x2D,Write,ACK
9.611771610000000,439,0x4E,0x29,Write,NAK
9.612006060000001,440,0x4E,0x0D,Write,ACK
9.612235450000000,441,0x4E,0x09,Write,NAK
9.612474900000000,442,0x4E,0x6D,Write,NAK
9.612704409999999,443,0x4E,0x69,Write,NAK
9.612938919999999,444,0x4E,0xBD,Write,NAK
9.613168310000001,445,0x4E,0xB9,Write,NAK
9.613407750000000,446,0x4E,0x6D,Write,ACK
9.613637260000001,447,0x4E,0x69,Write,ACK
9.613871650000000,448,0x4E,0x5D,Write,NAK
9.614101040000000,449,0x4E,0x59,Write,NAK
9.614340420000000,451,0x4E,0x7D,Write,Missing ACK/NAK
9.614569810000001,452,0x4E,0x79,Write,NAK
9.614804260000000,453,0x4E,0x9D,Write,NAK
9.615033580000000,455,0x4E,0x99,Write,Missing ACK/NAK
9.615273030000001,456,0x4E,0x3D,Write,NAK
9.615502540000000,457,0x4E,0x39,Write,NAK
9.615736990000000,458,0x4E,0xAD,Write,NAK
9.615971500000001,459,0x4E,0xA9,Write,NAK
9.616210949999999,460,0x4E,0x2D,Write,NAK
9.616440460000000,461,0x4E,0x29,Write,NAK
9.616674970000000,462,0x4E,0x0D,Write,NAK
9.616904480000001,463,0x4E,0x09,Write,NAK
9.617143870000000,464,0x4E,0x6D,Write,ACK
9.617373250000000,466,0x4E,0x69,Write,Missing ACK/NAK
9.617607700000001,467,0x4E,0x4D,Write,NAK
9.617837090000000,468,0x4E,0x49,Write,NAK
9.618076479999999,470,0x4E,0x6D,Write,Missing ACK/NAK
9.618305860000000,471,0x4E,0x69,Write,NAK
9.618540310000000,472,0x4E,0x5D,Write,NAK
9.618769820000001,473,0x4E,0x59,Write,NAK
9.619009200000001,474,0x4E,0x6D,Write,ACK
9.619238590000000,475,0x4E,0x69,Write,NAK
9.619473040000001,476,0x4E,0x5D,Write,NAK
9.619702550000000,477,0x4E,0x59,Write,NAK
9.619941989999999,478,0x4E,0x6D,Write,NAK
9.620171320000001,479,0x4E,0x69,Write,NAK
9.620405770000000,480,0x4E,0x4D,Write,NAK
9.620635150000000,481,0x4E,0x49,Write,NAK
9.620874600000000,482,0x4E,0x6D,Write,ACK
9.621109110000001,483,0x4E,0x69,Write,ACK
9.621343560000000,485,0x4E,0x1D,Write,Missing ACK/NAK
9.621573079999999,486,0x4E,0x19,Write,ACK
9.621812520000001,487,0x4E,0x3D,Write,NAK
9.622042029999999,489,0x4E,0x39,Write,Missing ACK/NAK
9.622276480000000,490,0x4E,0x1D,Write,NAK
9.622505990000001,492,0x4E,0x19,Write,Missing ACK/NAK
9.622745439999999,493,0x4E,0x3D,Write,NAK
9.622974950000000,494,0x4E,0x39,Write,NAK
9.623209400000000,495,0x4E,0x1D,Write,NAK
9.623438910000001,496,0x4E,0x19,Write,NAK
9.623678360000000,497,0x4E,0x3D,Write,NAK
9.623907870000000,498,0x4E,0x39,Write,NAK
9.624144129999999,499,0x4E,0x3D,Write,NAK
9.624373520000001,500,0x4E,0x39,Write,NAK
9.624612969999999,501,0x4E,0x3D,Write,ACK
9.624842480000000,502,0x4E,0x39,Write,NAK
9.625076860000000,503,0x4E,0x7D,Write,NAK
9.625306370000001,504,0x4E,0x79,Write,ACK
9.625545819999999,505,0x4E,0x6D,Write,NAK
9.625775330000000,506,0x4E,0x69,Write,NAK
9.626009780000000,507,0x4E,0x1D,Write,NAK
9.626239289999999,509,0x4E,0x19,Write,Missing ACK/NAK
9.626483739999999,510,0x4E,0xCC,Write,ACK
9.626713250000000,511,0x4E,0xC8,Write,ACK
9.626947760000000,512,0x4E,0x0C,Write,ACK
9.627177150000000,513,0x4E,0x08,Write,ACK
9.627421660000000,514,0x4E,0x6D,Write,NAK
9.627651170000000,515,0x4E,0x69,Write,NAK
9.627885620000001,516,0x4E,0x2D,Write,NAK
9.628114999999999,517,0x4E,0x29,Write,NAK
9.628354390000000,518,0x4E,0x3D,Write,NAK
9.628583770000001,519,0x4E,0x39,Write,ACK
9.628818280000001,520,0x4E,0x0D,Write,ACK
9.629047800000000,521,0x4E,0x09,Write,NAK
9.629292180000000,522,0x4E,0x3D,Write,NAK
9.629521570000000,523,0x4E,0x39,Write,NAK
9.629756020000000,524,0x4E,0x1D,Write,ACK
9.629985400000001,525,0x4E,0x19,Write,NAK
9.630224790000000,526,0x4E,0x3D,Write,NAK
9.630454170000000,527,0x4E,0x39,Write,ACK
9.630688620000001,528,0x4E,0x2D,Write,NAK
9.630918010000000,529,0x4E,0x29,Write,NAK
9.631157460000001,530,0x4E,0x3D,Write,NAK
9.631386780000000,531,0x4E,0x39,Write,NAK
9.631621290000000,532,0x4E,0x0D,Write,NAK
9.631850800000000,533,0x4E,0x09,Write,NAK
9.632090249999999,534,0x4E,0x3D,Write,NAK
9.632319760000000,535,0x4E,0x39,Write,NAK
9.632554210000000,536,0x4E,0x2D,Write,NAK
9.632783720000001,537,0x4E,0x29,Write,NAK
9.633023170000000,538,0x4E,0x2D,Write,NAK
9.633252550000000,539,0x4E,0x29,Write,ACK
9.633487000000001,540,0x4E,0x0D,Write,NAK
9.633716390000000,541,0x4E,0x09,Write,NAK
11.633519090000000,542,0x4E,0x0C,Write,ACK
11.633748470000000,543,0x4E,0x08,Write,ACK
11.633982919999999,544,0x4E,0x1C,Write,ACK
11.634212310000001,545,0x4E,0x18,Write,ACK
11.636461250000000,546,0x4E,0x0C,Write,ACK
11.636690630000000,547,0x4E,0x08,Write,ACK
11.636928709999999,548,0x4E,0x2C,Write,ACK
11.637158220000000,549,0x4E,0x28,Write,ACK
11.639412280000000,550,0x4E,0x2D,Write,ACK
11.639641800000000,551,0x4E,0x29,Write,ACK
11.639876240000000,552,0x4E,0x0D,Write,ACK
11.640105630000001,553,0x4E,0x09,Write,NAK
11.640345079999999,554,0x4E,0x5D,Write,NAK
11.640574590000000,555,0x4E,0x59,Write,NAK
11.640809040000001,556,0x4E,0x1D,Write,NAK
11.641038549999999,557,0x4E,0x19,Write,NAK
11.641278000000000,558,0x4E,0x6D,Write,NAK
11.641507510000000,559,0x4E,0x69,Write,NAK
11.641741890000000,561,0x4E,0xED,Write,Missing ACK/NAK
11.641971280000000,562,0x4E,0xE9,Write,NAK
11.642210790000000,563,0x4E,0x7D,Write,NAK
11.642440179999999,564,0x4E,0x79,Write,NAK
11.642674619999999,565,0x4E,0x3D,Write,ACK
11.642904140000001,566,0x4E,0x39,Write,NAK
11.643143589999999,568,0x4E,0x2D,Write,Missing ACK/NAK
11.643373100000000,569,0x4E,0x29,Write,ACK
11.643607610000000,570,0x4E,0x0D,Write,NAK
11.643837110000000,571,0x4E,0x09,Write,NAK
11.644081500000000,572,0x4E,0x6D,Write,NAK
11.644310890000000,573,0x4E,0x69,Write,NAK
11.644545400000000,574,0x4E,0xFD,Write,NAK
11.644774790000000,575,0x4E,0xF9,Write,ACK
11.645014170000000,576,0x4E,0x6D,Write,NAK
11.645243560000001,577,0x4E,0x69,Write,NAK
11.645478010000000,578,0x4E,0x6D,Write,ACK
11.645707509999999,579,0x4E,0x69,Write,NAK
11.645946960000000,580,0x4E,0x2D,Write,ACK
11.646176470000000,581,0x4E,0x29,Write,ACK
11.646410990000000,582,0x4E,0x0D,Write,NAK
11.646640489999999,583,0x4E,0x09,Write,NAK
11.646879880000000,585,0x4E,0x7D,Write,Missing ACK/NAK
11.647109270000000,586,0x4E,0x79,Write,NAK
11.647343720000000,587,0x4E,0x4D,Write,NAK
11.647573230000001,588,0x4E,0x49,Write,NAK
11.647812679999999,589,0x4E,0x6D,Write,NAK
11.648042190000000,590,0x4E,0x69,Write,NAK
11.648276640000001,591,0x4E,0x8D,Write,ACK
11.648506149999999,592,0x4E,0x89,Write,NAK
11.648745600000000,593,0x4E,0x6D,Write,ACK
11.648975110000000,594,0x4E,0x69,Write,NAK
11.649213870000001,595,0x4E,0x5D,Write,NAK
11.649443260000000,596,0x4E,0x59,Write,ACK
11.649682700000000,597,0x4E,0x2D,Write,NAK
11.649912090000001,598,0x4E,0x29,Write,NAK
11.650146540000000,599,0x4E,0x0D,Write,NAK
11.650375920000000,601,0x4E,0x09,Write,Missing ACK/NAK
11.650615370000001,602,0x4E,0x6D,Write,NAK
11.650844879999999,603,0x4E,0x69,Write,NAK
11.651079330000000,604,0x4E,0x4D,Write,NAK
11.651308840000000,605,0x4E,0x49,Write,NAK
11.651548289999999,606,0x4E,0x6D,Write,NAK
11.651777800000000,607,0x4E,0x69,Write,NAK
11.652012250000000,608,0x4E,0x1D,Write,NAK
11.652241760000001,609,0x4E,0x19,Write,NAK
11.652481140000001,610,0x4E,0x7D,Write,ACK
11.652710530000000,611,0x4E,0x79,Write,NAK
11.652944979999999,612,0x4E,0x9D,Write,NAK
11.653174490000000,613,0x4E,0x99,Write,NAK
11.653418869999999,614,0x4E,0xCC,Write,ACK
11.653648260000001,615,0x4E,0xC8,Write,ACK
11.653882769999999,616,0x4E,0x0C,Write,ACK
11.654112160000000,617,0x4E,0x08,Write,ACK
11.654356670000000,618,0x4E,0x2D,Write,NAK
11.654586060000000,619,0x4E,0x29,Write,ACK
11.654820559999999,620,0x4E,0x0D,Write,ACK
11.655050080000001,621,0x4E,0x09,Write,NAK
11.655289470000000,622,0x4E,0x3D,Write,NAK
11.655518850000000,623,0x4E,0x39,Write,NAK
11.655753349999999,624,0x4E,0xFD,Write,NAK
11.655982740000001,625,0x4E,0xF9,Write,ACK
11.656222189999999,627,0x4E,0x3D,Write,Missing ACK/NAK
11.656451519999999,628,0x4E,0x39,Write,NAK
11.656686029999999,629,0x4E,0xFD,Write,NAK
11.656915410000000,630,0x4E,0xF9,Write,ACK
11.657154860000000,631,0x4E,0x3D,Write,NAK
11.657389370000001,633,0x4E,0x39,Write,Missing ACK/NAK
11.657623879999999,634,0x4E,0xFD,Write,NAK
11.657853390000000,635,0x4E,0xF9,Write,ACK
11.658092840000000,636,0x4E,0x3D,Write,NAK
11.658322350000001,637,0x4E,0x39,Write,ACK
11.658556859999999,638,0x4E,0xFD,Write,ACK
11.658786370000000,639,0x4E,0xF9,Write,NAK
11.659025820000000,641,0x4E,0x3D,Write,Missing ACK/NAK
11.659255330000001,642,0x4E,0x39,Write,ACK
11.659489850000000,643,0x4E,0xFD,Write,ACK
11.659719360000000,644,0x4E,0xF9,Write,NAK
11.659958809999999,645,0x4E,0x3D,Write,ACK
11.660188320000000,646,0x4E,0x39,Write,NAK
11.660422830000000,647,0x4E,0xFD,Write,NAK
11.660652340000000,648,0x4E,0xF9,Write,NAK
11.660891790000001,649,0x4E,0x3D,Write,ACK
11.661121300000000,650,0x4E,0x39,Write,NAK
11.661360000000000,651,0x4E,0xFD,Write,ACK
11.661589380000001,652,0x4E,0xF9,Write,NAK
11.661828829999999,653,0x4E,0x3D,Write,NAK
11.662058340000000,654,0x4E,0x39,Write,NAK
11.662292850000000,655,0x4E,0xFD,Write,NAK
11.662522360000001,656,0x4E,0xF9,Write,NAK
11.662761809999999,657,0x4E,0x3D,Write,NAK
11.662991320000000,658,0x4E,0x39,Write,NAK
11.663225830000000,659,0x4E,0xFD,Write,NAK
11.663455219999999,660,0x4E,0xF9,Write,NAK
11.663694599999999,662,0x4E,0x3D,Write,Missing ACK/NAK
11.663923990000001,663,0x4E,0x39,Write,NAK
11.664158499999999,664,0x4E,0xFD,Write,NAK
11.664387890000000,665,0x4E,0xF9,Write,NAK
11.664627270000000,667,0x4E,0x3D,Write,Missing ACK/NAK
11.664856660000000,668,0x4E,0x39,Write,NAK
11.665091170000000,669,0x4E,0xFD,Write,NAK
11.665320560000000,670,0x4E,0xF9,Write,NAK
11.665564939999999,671,0x4E,0x3D,Write,NAK
11.665794330000001,672,0x4E,0x39,Write,NAK
11.666028839999999,673,0x4E,0xFD,Write,NAK
11.666258220000000,674,0x4E,0xF9,Write,ACK
11.666497610000000,675,0x4E,0x3D,Write,NAK
11.666727000000000,676,0x4E,0x39,Write,ACK
11.666961510000000,677,0x4E,0xFD,Write,NAK
11.667190890000001,679,0x4E,0xF9,Write,Missing ACK/NAK
11.667430339999999,680,0x4E,0x3D,Write,NAK
11.667659660000000,681,0x4E,0x39,Write,ACK
11.667894170000000,682,0x4E,0xFD,Write,NAK
11.668123560000000,683,0x4E,0xF9,Write,NAK
11.668363010000000,684,0x4E,0x2D,Write,NAK
11.668592400000000,685,0x4E,0x29,Write,NAK
11.668826839999999,686,0x4E,0x0D,Write,ACK
11.669056230000001,687,0x4E,0x09,Write,NAK
13.668859030000000,688,0x4E,0x0C,Write,ACK
13.669093540000000,689,0x4E,0x08,Write,ACK
13.669328060000000,690,0x4E,0x1C,Write,ACK
13.669557570000000,691,0x4E,0x18,Write,ACK
13.671806510000000,692,0x4E,0x0C,Write,ACK
13.672035890000000,693,0x4E,0x08,Write,ACK
13.672270340000001,694,0x4E,0x2C,Write,ACK
13.672499730000000,695,0x4E,0x28,Write,ACK
13.674753730000001,696,0x4E,0x5D,Write,NAK
13.674983120000000,697,0x4E,0x59,Write,NAK
13.675217630000001,698,0x4E,0x7D,Write,NAK
13.675447020000000,699,0x4E,0x79,Write,NAK
13.675686460000000,700,0x4E,0x6D,Write,NAK
13.675915970000000,701,0x4E,0x69,Write,ACK
13.676150420000001,702,0x4E,0x8D,Write,NAK
13.676379930000000,703,0x4E,0x89,Write,ACK
13.676619380000000,704,0x4E,0x6D,Write,NAK
13.676848890000000,705,0x4E,0x69,Write,ACK
13.677083339999999,706,0x4E,0x5D,Write,NAK
13.677312669999999,707,0x4E,0x59,Write,ACK
13.677552120000000,709,0x4E,0x6D,Write,Missing ACK/NAK
13.677781619999999,710,0x4E,0x69,Write,ACK
13.678016010000000,711,0x4E,0xED,Write,NAK
13.678245400000000,712,0x4E,0xE9,Write,NAK
13.678484839999999,713,0x4E,0x2D,Write,ACK
13.678714350000000,714,0x4E,0x29,Write,ACK
13.678948860000000,715,0x4E,0x0D,Write,NAK
13.679178380000000,716,0x4E,0x09,Write,NAK
13.679417890000000,717,0x4E,0x7D,Write,NAK
13.679647270000000,718,0x4E,0x79,Write,ACK
13.679881659999999,719,0x4E,0x7D,Write,NAK
13.680111050000001,720,0x4E,0x79,Write,NAK
13.680355430000001,721,0x4E,0x6D,Write,NAK
13.680584820000000,722,0x4E,0x69,Write,NAK
13.680819260000000,723,0x4E,0x1D,Write,ACK
13.681048649999999,725,0x4E,0x19,Write,Missing ACK/NAK
13.681288040000000,726,0x4E,0x7D,Write,NAK
13.681517550000001,727,0x4E,0x79,Write,NAK
13.681751999999999,728,0x4E,0x3D,Write,ACK
13.681981510000000,729,0x4E,0x39,Write,NAK
13.682220960000000,730,0x4E,0x2D,Write,ACK
13.682450469999999,731,0x4E,0x29,Write,NAK
13.682684979999999,732,0x4E,0x0D,Write,NAK
13.682914490000000,733,0x4E,0x09,Write,NAK
13.683153940000000,734,0x4E,0x6D,Write,NAK
13.683383449999999,735,0x4E,0x69,Write,NAK
13.683617959999999,736,0x4E,0x7D,Write,NAK
13.683847340000000,737,0x4E,0x79,Write,ACK
13.684086790000000,739,0x4E,0x6D,Write,Missing ACK/NAK
13.684316300000001,740,0x4E,0x69,Write,ACK
13.684550809999999,741,0x4E,0xFD,Write,NAK
13.684780330000001,742,0x4E,0xF9,Write,NAK
13.685019710000001,743,0x4E,0x7D,Write,NAK
13.685249100000000,744,0x4E,0x79,Write,NAK
13.685488480000000,746,0x4E,0x6D,Write,Missing ACK/NAK
13.685717870000000,747,0x4E,0x69,Write,NAK
13.685957250000000,748,0x4E,0x7D,Write,ACK
13.686186640000001,749,0x4E,0x79,Write,NAK
13.686421090000000,750,0x4E,0x4D,Write,NAK
13.686650600000000,751,0x4E,0x49,Write,NAK
13.686890050000001,752,0x4E,0x6D,Write,NAK
13.687119559999999,753,0x4E,0x69,Write,NAK
13.687354010000000,754,0x4E,0x5D,Write,NAK
13.687583330000001,755,0x4E,0x59,Write,NAK
13.687822779999999,756,0x4E,0x6D,Write,NAK
13.688052290000000,757,0x4E,0x69,Write,NAK
13.688286740000001,758,0x4E,0x3D,Write,NAK
13.688516249999999,759,0x4E,0x39,Write,NAK
13.688755640000000,760,0x4E,0x6D,Write,ACK
13.688985020000001,761,0x4E,0x69,Write,NAK
13.689219469999999,762,0x4E,0x8D,Write,NAK
13.689448860000001,763,0x4E,0x89,Write,NAK
13.689693240000000,764,0x4E,0xCC,Write,ACK
13.689922630000000,765,0x4E,0xC8,Write,ACK
13.690157140000000,766,0x4E,0x0C,Write,ACK
13.690386520000001,767,0x4E,0x08,Write,ACK
13.690631030000000,768,0x4E,0x2D,Write,ACK
13.690860420000000,769,0x4E,0x29,Write,NAK
13.691094930000000,770,0x4E,0x0D,Write,NAK
13.691324440000001,771,0x4E,0x09,Write,ACK
13.691563830000000,772,0x4E,0x6D,Write,NAK
13.691793210000000,773,0x4E,0x69,Write,ACK
13.692027660000001,774,0x4E,0x6D,Write,NAK
13.692257170000000,775,0x4E,0x69,Write,ACK
13.692496620000000,776,0x4E,0x6D,Write,NAK
13.692725950000000,777,0x4E,0x69,Write,ACK
13.692960460000000,778,0x4E,0xFD,Write,NAK
13.693189840000001,779,0x4E,0xF9,Write,ACK
13.693429230000000,780,0x4E,0x7D,Write,NAK
13.693663740000000,781,0x4E,0x79,Write,NAK
13.693898190000001,782,0x4E,0x5D,Write,ACK
13.694127699999999,783,0x4E,0x59,Write,NAK
13.694367150000000,784,0x4E,0x6D,Write,ACK
13.694596660000000,785,0x4E,0x69,Write,NAK
13.694831170000000,786,0x4E,0xED,Write,NAK
13.695060550000001,787,0x4E,0xE9,Write,NAK
13.695300010000000,788,0x4E,0x6D,Write,NAK
13.695529510000000,789,0x4E,0x69,Write,ACK
13.695763960000001,790,0x4E,0x4D,Write,NAK
13.695993469999999,791,0x4E,0x49,Write,ACK
13.696232920000000,792,0x4E,0x6D,Write,NAK
13.696462430000000,793,0x4E,0x69,Write,NAK
13.696696820000000,794,0x4E,0x5D,Write,NAK
13.696926200000000,795,0x4E,0x59,Write,ACK
13.697165650000001,796,0x4E,0x6D,Write,NAK
13.697395159999999,797,0x4E,0x69,Write,ACK
13.697629610000000,798,0x4E,0x4D,Write,NAK
13.697859120000000,799,0x4E,0x49,Write,ACK
13.698098570000001,800,0x4E,0x3D,Write,NAK
13.698328080000000,802,0x4E,0x39,Write,Missing ACK/NAK
13.698562590000000,804,0x4E,0xFD,Write,Missing ACK/NAK
13.698797100000000,806,0x4E,0xF9,Write,Missing ACK/NAK
13.699036550000001,807,0x4E,0x2D,Write,NAK
13.699265940000000,808,0x4E,0x29,Write,NAK
13.699500450000000,809,0x4E,0x0D,Write,NAK
13.699729960000001,810,0x4E,0x09,Write,NAK
15.699532789999999,811,0x4E,0x0C,Write,ACK
15.699762300000000,812,0x4E,0x08,Write,ACK
15.699996810000000,813,0x4E,0x1C,Write,ACK
15.700226320000001,814,0x4E,0x18,Write,ACK
15.702475390000000,815,0x4E,0x0C,Write,ACK
15.702704779999999,816,0x4E,0x08,Write,ACK
15.702939290000000,817,0x4E,0x2C,Write,ACK
15.703168800000000,818,0x4E,0x28,Write,ACK
15.705422739999999,819,0x4E,0x7D,Write,NAK
15.705652120000000,820,0x4E,0x79,Write,ACK
15.705886630000000,821,0x4E,0x0D,Write,ACK
15.706116150000000,822,0x4E,0x09,Write,ACK
15.706355589999999,823,0x4E,0x2D,Write,ACK
15.706585110000001,824,0x4E,0x29,Write,ACK
15.706819490000001,825,0x4E,0xED,Write,NAK
15.707048869999999,826,0x4E,0xE9,Write,NAK
15.707288260000000,827,0x4E,0x7D,Write,NAK
15.707517770000001,828,0x4E,0x79,Write,ACK
15.707752220000000,829,0x4E,0x3D,Write,NAK
15.707981730000000,831,0x4E,0x39,Write,Missing ACK/NAK
15.708221180000001,832,0x4E,0x2D,Write,NAK
15.708455689999999,833,0x4E,0x29,Write,NAK
15.708690199999999,834,0x4E,0x0D,Write,NAK
15.708919720000001,835,0x4E,0x09,Write,ACK
15.709159100000001,836,0x4E,0x7D,Write,NAK
15.709388490000000,837,0x4E,0x79,Write,ACK
15.709622939999999,838,0x4E,0x4D,Write,ACK
15.709852440000001,839,0x4E,0x49,Write,NAK
15.710091889999999,840,0x4E,0x6D,Write,NAK
15.710321400000000,841,0x4E,0x69,Write,ACK
15.710555850000000,843,0x4E,0x8D,Write,Missing ACK/NAK
15.710785359999999,844,0x4E,0x89,Write,ACK
15.711024810000000,845,0x4E,0x6D,Write,NAK
15.711254320000000,846,0x4E,0x69,Write,ACK
15.711488709999999,847,0x4E,0x5D,Write,NAK
15.711718090000000,848,0x4E,0x59,Write,ACK
15.711957540000000,849,0x4E,0x2D,Write,NAK
15.712186930000000,850,0x4E,0x29,Write,NAK
15.712421440000000,851,0x4E,0x0D,Write,NAK
15.712650760000001,852,0x4E,0x09,Write,ACK
15.712890150000000,853,0x4E,0x7D,Write,NAK
15.713119539999999,854,0x4E,0x79,Write,NAK
15.713353980000001,855,0x4E,0x4D,Write,ACK
15.713588489999999,856,0x4E,0x49,Write,ACK
15.713827940000000,857,0x4E,0x6D,Write,NAK
15.714057450000000,858,0x4E,0x69,Write,ACK
15.714291899999999,860,0x4E,0x9D,Write,Missing ACK/NAK
15.714521410000000,862,0x4E,0x99,Write,Missing ACK/NAK
15.714760800000001,863,0x4E,0x6D,Write,NAK
15.714990179999999,864,0x4E,0x69,Write,ACK
15.715224570000000,865,0x4E,0xDD,Write,NAK
15.715453960000000,866,0x4E,0xD9,Write,NAK
15.715693340000000,867,0x4E,0x6D,Write,NAK
15.715922730000001,868,0x4E,0x69,Write,NAK
15.716157180000000,869,0x4E,0x5D,Write,NAK
15.716386690000000,870,0x4E,0x59,Write,NAK
15.716626140000001,871,0x4E,0x2D,Write,NAK
15.716855649999999,872,0x4E,0x29,Write,NAK
15.717090160000000,873,0x4E,0x0D,Write,NAK
15.717319670000000,874,0x4E,0x09,Write,NAK
15.717559059999999,875,0x4E,0x7D,Write,ACK
15.717788560000001,876,0x4E,0x79,Write,NAK
15.718022950000000,877,0x4E,0x7D,Write,NAK
15.718252339999999,878,0x4E,0x79,Write,NAK
15.718491780000001,879,0x4E,0x6D,Write,ACK
15.718721110000001,880,0x4E,0x69,Write,NAK
15.718955559999999,881,0x4E,0x1D,Write,NAK
15.719184940000000,882,0x4E,0x19,Write,ACK
15.719424330000001,883,0x4E,0x7D,Write,NAK
15.719653720000000,884,0x4E,0x79,Write,NAK
15.719888100000000,885,0x4E,0x3D,Write,NAK
15.720117490000000,886,0x4E,0x39,Write,NAK
15.720361940000000,887,0x4E,0xCC,Write,ACK
15.720591440000000,888,0x4E,0xC8,Write,ACK
15.720825960000001,889,0x4E,0x0C,Write,ACK
15.721055470000000,890,0x4E,0x08,Write,ACK
15.721299849999999,892,0x4E,0x2D,Write,Missing ACK/NAK
15.721529240000001,893,0x4E,0x29,Write,NAK
15.721768689999999,894,0x4E,0x0D,Write,NAK
15.721998070000000,896,0x4E,0x09,Write,Missing ACK/NAK
15.722237520000000,897,0x4E,0x3D,Write,NAK
15.722467030000001,898,0x4E,0x39,Write,NAK
15.722701420000000,899,0x4E,0x9D,Write,NAK
15.722930800000000,900,0x4E,0x99,Write,ACK
15.723170250000001,901,0x4E,0x3D,Write,NAK
15.723399770000000,902,0x4E,0x39,Write,ACK
15.723634210000000,903,0x4E,0xAD,Write,NAK
15.723863540000000,904,0x4E,0xA9,Write,NAK
15.724102980000000,905,0x4E,0x3D,Write,NAK
15.724332499999999,906,0x4E,0x39,Write,ACK
15.724567000000000,907,0x4E,0x0D,Write,ACK
15.724796520000000,908,0x4E,0x09,Write,NAK
15.725035900000000,909,0x4E,0x3D,Write,NAK
15.725265289999999,910,0x4E,0x39,Write,NAK
15.725499740000000,911,0x4E,0x6D,Write,ACK
15.725729250000001,912,0x4E,0x69,Write,NAK
15.725968630000001,913,0x4E,0x3D,Write,NAK
15.726198020000000,914,0x4E,0x39,Write,NAK
15.726432470000001,915,0x4E,0xAD,Write,NAK
15.726661979999999,916,0x4E,0xA9,Write,NAK
15.726906359999999,918,0x4E,0x3D,Write,Missing ACK/NAK
15.727135750000000,919,0x4E,0x39,Write,NAK
15.727370199999999,920,0x4E,0x5D,Write,NAK
15.727599710000000,921,0x4E,0x59,Write,NAK
15.727839090000000,922,0x4E,0x3D,Write,ACK
15.728068479999999,923,0x4E,0x39,Write,NAK
15.728303000000000,925,0x4E,0x0D,Write,Missing ACK/NAK
15.728532500000000,926,0x4E,0x09,Write,ACK
15.728771950000001,927,0x4E,0x2D,Write,NAK
15.729001470000000,928,0x4E,0x29,Write,ACK
15.729235970000000,929,0x4E,0x0D,Write,NAK
15.729465480000000,930,0x4E,0x09,Write,NAK
15.729704930000000,931,0x4E,0x4D,Write,NAK
15.729934450000000,932,0x4E,0x49,Write,ACK
15.730168830000000,933,0x4E,0x7D,Write,NAK
15.730398210000001,934,0x4E,0x79,Write,NAK
15.730637659999999,936,0x4E,0x4D,Write,Missing ACK/NAK
15.730867050000001,937,0x4E,0x49,Write,NAK
15.731101560000001,938,0x4E,0xDD,Write,NAK
15.731330950000000,939,0x4E,0xD9,Write,NAK
15.731570390000000,940,0x4E,0x5D,Write,ACK
15.731799909999999,941,0x4E,0x59,Write,NAK
15.732034349999999,942,0x4E,0x4D,Write,ACK
15.732263870000001,943,0x4E,0x49,Write,NAK
15.732503310000000,944,0x4E,0x2D,Write,ACK
15.732732700000000,945,0x4E,0x29,Write,NAK
15.732967090000001,946,0x4E,0xBD,Write,NAK
15.733196599999999,947,0x4E,0xB9,Write,NAK
15.733436050000000,948,0x4E,0x3D,Write,ACK
15.733665560000000,949,0x4E,0x39,Write,NAK
15.733900070000001,950,0x4E,0x0D,Write,NAK
15.734129390000000,951,0x4E,0x09,Write,NAK
15.734368840000000,952,0x4E,0x3D,Write,NAK
15.734598350000001,953,0x4E,0x39,Write,NAK
15.734832800000000,954,0x4E,0x8D,Write,NAK
15.735067310000000,955,0x4E,0x89,Write,NAK
15.735306760000000,956,0x4E,0x2D,Write,NAK
15.735536140000001,958,0x4E,0x29,Write,Missing ACK/NAK
15.735770660000000,959,0x4E,0x0D,Write,ACK
15.736000160000000,960,0x4E,0x09,Write,ACK
17.735802929999998,961,0x4E,0x0C,Write,ACK
17.736032320000000,962,0x4E,0x08,Write,ACK
17.736266830000002,963,0x4E,0x1C,Write,ACK
17.736496339999999,964,0x4E,0x18,Write,ACK
17.739010220000001,965,0x4E,0x0C,Write,ACK
17.739239609999998,966,0x4E,0x08,Write,ACK
17.739474120000001,967,0x4E,0x2C,Write,ACK
17.739703440000000,968,0x4E,0x28,Write,ACK
17.741952510000001,969,0x4E,0x3D,Write,NAK
17.742182020000001,970,0x4E,0x39,Write,NAK
17.742416530000000,971,0x4E,0x0D,Write,NAK
17.742646050000001,972,0x4E,0x09,Write,ACK
17.742885430000001,973,0x4E,0x3D,Write,NAK
17.743114819999999,974,0x4E,0x39,Write,NAK
17.743349259999999,975,0x4E,0x9D,Write,ACK
17.743578780000000,976,0x4E,0x99,Write,ACK
17.743818220000001,977,0x4E,0x2D,Write,NAK
17.744047739999999,978,0x4E,0x29,Write,ACK
17.744282250000001,979,0x4E,0xFD,Write,ACK
17.744511630000002,981,0x4E,0xF9,Write,Missing ACK/NAK
17.744756020000001,982,0x4E,0x3D,Write,NAK
17.744985400000001,983,0x4E,0x39,Write,NAK
17.745219850000002,984,0x4E,0x1D,Write,NAK
17.745449239999999,985,0x4E,0x19,Write,NAK
17.745688619999999,986,0x4E,0x3D,Write,NAK
17.745918010000000,987,0x4E,0x39,Write,NAK
17.746152460000001,988,0x4E,0x1D,Write,NAK
17.746381840000002,989,0x4E,0x19,Write,ACK
17.746621290000000,990,0x4E,0x2D,Write,NAK
17.746850800000001,991,0x4E,0x29,Write,NAK
17.747085309999999,993,0x4E,0xFD,Write,Missing ACK/NAK
17.747314700000000,994,0x4E,0xF9,Write,NAK
17.747554139999998,995,0x4E,0x3D,Write,NAK
17.747783660000000,996,0x4E,0x39,Write,NAK
17.748018110000000,997,0x4E,0x2D,Write,NAK
17.748247620000001,998,0x4E,0x29,Write,NAK
17.748487059999999,999,0x4E,0x3D,Write,ACK
17.748719520000002,1000,0x4E,0x39,Write,ACK
17.748954019999999,1001,0x4E,0x0D,Write,ACK
17.749183540000001,1002,0x4E,0x09,Write,NAK
17.749422979999999,1003,0x4E,0x2D,Write,NAK
17.749652370000000,1004,0x4E,0x29,Write,NAK
17.749886820000000,1005,0x4E,0x0D,Write,NAK
17.750116210000002,1006,0x4E,0x09,Write,NAK
17.750355649999999,1007,0x4E,0x3D,Write,NAK
17.750585160000000,1008,0x4E,0x39,Write,ACK
17.750819610000001,1010,0x4E,0x1D,Write,Missing ACK/NAK
17.751049120000001,1011,0x4E,0x19,Write,ACK
17.751288570000000,1012,0x4E,0x3D,Write,NAK
17.751518080000000,1014,0x4E,0x39,Write,Missing ACK/NAK
17.751752589999999,1015,0x4E,0x0D,Write,ACK
17.751981919999999,1016,0x4E,0x09,Write,NAK
17.752221360000000,1017,0x4E,0x3D,Write,NAK
17.752450880000001,1018,0x4E,0x39,Write,NAK
17.752685320000001,1019,0x4E,0xAD,Write,NAK
17.752919840000001,1020,0x4E,0xA9,Write,ACK
17.753159220000001,1021,0x4E,0x3D,Write,NAK
17.753388609999998,1022,0x4E,0x39,Write,NAK
17.753623059999999,1023,0x4E,0x4D,Write,NAK
17.753852439999999,1024,0x4E,0x49,Write,NAK
17.754091830000000,1025,0x4E,0x3D,Write,NAK
17.754321210000001,1026,0x4E,0x39,Write,ACK
17.754555660000001,1027,0x4E,0x4D,Write,NAK
17.754785049999999,1028,0x4E,0x49,Write,NAK
17.755024429999999,1030,0x4E,0x3D,Write,Missing ACK/NAK
17.755253820000000,1031,0x4E,0x39,Write,NAK
17.755488270000001,1032,0x4E,0xAD,Write,NAK
17.755717780000001,1033,0x4E,0xA9,Write,NAK
17.755957169999999,1034,0x4E,0x3D,Write,ACK
17.756186549999999,1035,0x4E,0x39,Write,NAK
17.756421000000000,1036,0x4E,0x5D,Write,NAK
17.756650510000000,1037,0x4E,0x59,Write,NAK
17.756894960000000,1038,0x4E,0xCC,Write,ACK
17.757124279999999,1039,0x4E,0xC8,Write,ACK
17.757358790000001,1040,0x4E,0x0C,Write,ACK
17.757588179999999,1041,0x4E,0x08,Write,ACK
17.757872620000001,1042,0x4E,0x3D,Write,NAK
17.758102130000001,1043,0x4E,0x39,Write,NAK
17.758336640000000,1044,0x4E,0x0D,Write,NAK
17.758566150000000,1045,0x4E,0x09,Write,NAK
17.758805599999999,1046,0x4E,0x2D,Write,NAK
17.759034979999999,1047,0x4E,0x29,Write,ACK
17.759269430000000,1048,0x4E,0x0D,Write,NAK
17.759498810000000,1049,0x4E,0x09,Write,NAK
17.759738270000000,1050,0x4E,0x2D,Write,NAK
17.759967650000000,1052,0x4E,0x29,Write,Missing ACK/NAK
17.760202100000001,1053,0x4E,0x0D,Write,NAK
17.760431489999998,1054,0x4E,0x09,Write,NAK
17.760670930000000,1055,0x4E,0x2D,Write,ACK
17.760900320000001,1056,0x4E,0x29,Write,NAK
17.761139770000000,1057,0x4E,0x0D,Write,NAK
17.761369160000001,1058,0x4E,0x09,Write,ACK
17.761608599999999,1059,0x4E,0x2D,Write,ACK
17.761837990000000,1060,0x4E,0x29,Write,NAK
17.762072440000001,1061,0x4E,0x0D,Write,NAK
17.762301820000001,1062,0x4E,0x09,Write,ACK
17.762541270000000,1063,0x4E,0x2D,Write,NAK
17.762770660000001,1064,0x4E,0x29,Write,NAK
17.763005170000000,1065,0x4E,0x0D,Write,NAK
17.763234489999999,1067,0x4E,0x09,Write,Missing ACK/NAK
17.763473940000001,1068,0x4E,0x2D,Write,NAK
17.763703320000001,1069,0x4E,0x29,Write,NAK
17.763937840000001,1070,0x4E,0x0D,Write,NAK
17.764170279999998,1071,0x4E,0x09,Write,NAK
17.764409730000001,1073,0x4E,0x2D,Write,Missing ACK/NAK
17.764639119999998,1074,0x4E,0x29,Write,NAK
17.764873630000000,1075,0x4E,0x0D,Write,NAK
17.765103140000001,1076,0x4E,0x09,Write,NAK
17.765342520000001,1077,0x4E,0x3D,Write,NAK
17.765571909999998,1078,0x4E,0x39,Write,ACK
17.765806359999999,1079,0x4E,0x4D,Write,NAK
17.766035750000000,1080,0x4E,0x49,Write,NAK
17.766275130000000,1082,0x4E,0x3D,Write,Missing ACK/NAK
17.766504520000002,1083,0x4E,0x39,Write,NAK
17.766738969999999,1084,0x4E,0x6D,Write,NAK
17.766968479999999,1085,0x4E,0x69,Write,NAK
17.767207859999999,1086,0x4E,0x3D,Write,ACK
17.767437250000000,1087,0x4E,0x39,Write,NAK
17.767671700000001,1088,0x4E,0x1D,Write,NAK
17.767901080000001,1089,0x4E,0x19,Write,NAK
17.768140530000000,1090,0x4E,0x3D,Write,NAK
17.768369860000000,1091,0x4E,0x39,Write,NAK
17.768604310000001,1092,0x4E,0x1D,Write,ACK
17.768833690000001,1094,0x4E,0x19,Write,Missing ACK/NAK
17.769073140000000,1095,0x4E,0x3D,Write,NAK
17.769307649999998,1096,0x4E,0x39,Write,NAK
17.769542160000000,1097,0x4E,0x7D,Write,NAK
17.769771550000002,1098,0x4E,0x79,Write,NAK
17.770010989999999,1099,0x4E,0x3D,Write,ACK
17.770240510000001,1100,0x4E,0x39,Write,ACK
17.770475009999998,1101,0x4E,0x7D,Write,NAK
17.770704400000000,1102,0x4E,0x79,Write,ACK
17.770943849999998,1103,0x4E,0x2D,Write,NAK
17.771173240000000,1104,0x4E,0x29,Write,NAK
17.771407690000000,1105,0x4E,0x0D,Write,NAK
17.771637070000001,1107,0x4E,0x09,Write,Missing ACK/NAK
22.770782229999998,1108,0x4E,0x0C,Write,ACK
22.771011619999999,1109,0x4E,0x08,Write,ACK
22.771246130000002,1110,0x4E,0x1C,Write,ACK
22.771480640000000,1111,0x4E,0x18,Write,ACK
22.773729639999999,1112,0x4E,0x0C,Write,ACK
22.773959150000000,1113,0x4E,0x08,Write,ACK
22.774193660000002,1114,0x4E,0x2C,Write,ACK
22.774425239999999,1115,0x4E,0x28,Write,ACK
22.776674239999998,1116,0x4E,0x3D,Write,NAK
22.776903749999999,1118,0x4E,0x39,Write,Missing ACK/NAK
22.777138260000001,1119,0x4E,0x0D,Write,ACK
22.777367770000001,1120,0x4E,0x09,Write,ACK
22.777612160000000,1121,0x4E,0x3D,Write,NAK
22.777841540000001,1122,0x4E,0x39,Write,ACK
22.778075990000001,1123,0x4E,0x9D,Write,ACK
22.778305509999999,1124,0x4E,0x99,Write,ACK
22.778544960000001,1125,0x4E,0x2D,Write,NAK
22.778774460000001,1127,0x4E,0x29,Write,Missing ACK/NAK
22.779008970000000,1128,0x4E,0xFD,Write,ACK
22.779238360000001,1129,0x4E,0xF9,Write,NAK
22.779477809999999,1130,0x4E,0x3D,Write,NAK
22.779707129999998,1132,0x4E,0x39,Write,Missing ACK/NAK
22.779941579999999,1133,0x4E,0x1D,Write,NAK
22.780170960000000,1134,0x4E,0x19,Write,NAK
22.780410410000002,1135,0x4E,0x3D,Write,ACK
22.780639919999999,1136,0x4E,0x39,Write,NAK
22.780874369999999,1137,0x4E,0x1D,Write,ACK
22.781103890000001,1138,0x4E,0x19,Write,NAK
22.781343329999999,1140,0x4E,0x2D,Write,Missing ACK/NAK
22.781572720000000,1141,0x4E,0x29,Write,NAK
22.781807229999998,1142,0x4E,0xFD,Write,NAK
22.782036739999999,1144,0x4E,0xF9,Write,Missing ACK/NAK
22.782276190000001,1145,0x4E,0x3D,Write,NAK
22.782505700000002,1146,0x4E,0x39,Write,NAK
22.782745150000000,1147,0x4E,0x2D,Write,NAK
22.782974660000001,1148,0x4E,0x29,Write,NAK
22.783214109999999,1149,0x4E,0x3D,Write,NAK
22.783443620000000,1150,0x4E,0x39,Write,NAK
22.783678070000001,1151,0x4E,0x0D,Write,NAK
22.783907450000001,1152,0x4E,0x09,Write,ACK
22.784146900000000,1153,0x4E,0x2D,Write,NAK
22.784376290000001,1154,0x4E,0x29,Write,NAK
22.784610799999999,1155,0x4E,0x0D,Write,NAK
22.784840119999998,1156,0x4E,0x09,Write,NAK
22.785079570000001,1157,0x4E,0x3D,Write,NAK
22.785309080000001,1158,0x4E,0x39,Write,NAK
22.785543530000002,1159,0x4E,0x1D,Write,NAK
22.785772919999999,1160,0x4E,0x19,Write,ACK
22.786012299999999,1161,0x4E,0x3D,Write,NAK
22.786241690000001,1162,0x4E,0x39,Write,NAK
22.786476199999999,1163,0x4E,0x0D,Write,NAK
22.786710580000001,1164,0x4E,0x09,Write,ACK
22.786949969999998,1165,0x4E,0x3D,Write,NAK
22.787179479999999,1166,0x4E,0x39,Write,NAK
22.787413930000000,1167,0x4E,0xAD,Write,NAK
22.787643440000000,1168,0x4E,0xA9,Write,NAK
22.787882830000001,1169,0x4E,0x3D,Write,ACK
22.788112210000001,1170,0x4E,0x39,Write,NAK
22.788346659999998,1171,0x4E,0x4D,Write,NAK
22.788576039999999,1172,0x4E,0x49,Write,NAK
22.788815430000000,1173,0x4E,0x3D,Write,NAK
22.789044820000001,1174,0x4E,0x39,Write,NAK
22.789279270000002,1175,0x4E,0x5D,Write,NAK
22.789508779999998,1176,0x4E,0x59,Write,NAK
22.789748220000000,1177,0x4E,0x3D,Write,ACK
22.789977550000000,1178,0x4E,0x39,Write,NAK
22.790211990000000,1179,0x4E,0xAD,Write,NAK
22.790441500000000,1180,0x4E,0xA9,Write,NAK
22.790680949999999,1181,0x4E,0x3D,Write,ACK
22.790915470000002,1182,0x4E,0x39,Write,ACK
22.791149850000000,1184,0x4E,0x5D,Write,Missing ACK/NAK
22.791379240000001,1185,0x4E,0x59,Write,NAK
22.791623680000001,1186,0x4E,0xCC,Write,ACK
22.791853190000001,1187,0x4E,0xC8,Write,ACK
22.792087710000001,1188,0x4E,0x0C,Write,ACK
22.792317220000001,1189,0x4E,0x08,Write,ACK
22.792601650000002,1190,0x4E,0x3D,Write,NAK
22.792831039999999,1192,0x4E,0x39,Write,Missing ACK/NAK
22.793065490000000,1193,0x4E,0x0D,Write,NAK
22.793294880000001,1194,0x4E,0x09,Write,NAK
22.793534330000000,1195,0x4E,0x2D,Write,ACK
22.793763710000000,1197,0x4E,0x29,Write,Missing ACK/NAK
22.794003159999999,1198,0x4E,0x0D,Write,NAK
22.794232539999999,1199,0x4E,0x09,Write,ACK
22.794471990000002,1200,0x4E,0x2D,Write,NAK
22.794701379999999,1201,0x4E,0x29,Write,NAK
22.794935830000000,1202,0x4E,0x0D,Write,NAK
22.795165210000000,1203,0x4E,0x09,Write,ACK
22.795404659999999,1204,0x4E,0x2D,Write,NAK
22.795634050000000,1205,0x4E,0x29,Write,NAK
22.795868559999999,1206,0x4E,0x0D,Write,NAK
22.796097880000001,1207,0x4E,0x09,Write,NAK
22.796337330000000,1208,0x4E,0x2D,Write,NAK
22.796566710000000,1209,0x4E,0x29,Write,NAK
22.796801230000000,1210,0x4E,0x0D,Write,NAK
22.797030740000000,1211,0x4E,0x09,Write,NAK
22.797270180000002,1212,0x4E,0x2D,Write,ACK
22.797499699999999,1213,0x4E,0x29,Write,NAK
22.797734210000002,1214,0x4E,0x0D,Write,NAK
22.797963719999998,1215,0x4E,0x09,Write,NAK
22.798203170000001,1216,0x4E,0x2D,Write,NAK
22.798432680000001,1217,0x4E,0x29,Write,NAK
22.798667190000000,1218,0x4E,0x0D,Write,NAK
22.798896700000000,1219,0x4E,0x09,Write,NAK
22.799140019999999,1221,0x4E,0x2D,Write,Missing ACK/NAK
22.799369410000001,1222,0x4E,0x29,Write,NAK
22.799603919999999,1223,0x4E,0x0D,Write,NAK
22.799833430000000,1224,0x4E,0x09,Write,NAK
22.800072810000000,1225,0x4E,0x3D,Write,NAK
22.800302200000001,1227,0x4E,0x39,Write,Missing ACK/NAK
22.800536650000002,1228,0x4E,0x1D,Write,NAK
22.800766039999999,1229,0x4E,0x19,Write,NAK
22.801005490000001,1230,0x4E,0x3D,Write,ACK
22.801234810000000,1231,0x4E,0x39,Write,NAK
22.801469319999999,1232,0x4E,0x0D,Write,NAK
22.801698829999999,1233,0x4E,0x09,Write,NAK
22.801938280000002,1234,0x4E,0x3D,Write,NAK
22.802172790000000,1235,0x4E,0x39,Write,NAK
22.802407299999999,1236,0x4E,0x7D,Write,NAK
22.802636679999999,1237,0x4E,0x79,Write,NAK
22.802876130000001,1238,0x4E,0x3D,Write,NAK
22.803105639999998,1239,0x4E,0x39,Write,ACK
22.803340030000001,1240,0x4E,0x3D,Write,NAK
22.803569419999999,1241,0x4E,0x39,Write,NAK
22.803808870000001,1242,0x4E,0x3D,Write,ACK
22.804038370000001,1243,0x4E,0x39,Write,NAK
22.804272820000001,1244,0x4E,0x0D,Write,ACK
22.804502209999999,1245,0x4E,0x09,Write,NAK
22.804741660000001,1246,0x4E,0x3D,Write,NAK
22.804971170000002,1247,0x4E,0x39,Write,NAK
22.805205560000001,1248,0x4E,0x7D,Write,ACK
22.805435070000001,1249,0x4E,0x79,Write,NAK
22.805674520000000,1250,0x4E,0x2D,Write,ACK
22.805903900000001,1251,0x4E,0x29,Write,NAK
22.806138409999999,1253,0x4E,0x0D,Write,Missing ACK/NAK
22.806367739999999,1254,0x4E,0x09,Write,NAK
27.805517980000001,1255,0x4E,0x0C,Write,ACK
27.805747499999999,1256,0x4E,0x08,Write,ACK
27.805982010000001,1257,0x4E,0x1C,Write,ACK
27.806211520000002,1258,0x4E,0x18,Write,ACK
27.808460520000001,1259,0x4E,0x0C,Write,ACK
27.808690030000001,1260,0x4E,0x08,Write,ACK
27.808924540000000,1261,0x4E,0x2C,Write,ACK
27.809154060000001,1262,0x4E,0x28,Write,ACK
27.811403060000000,1263,0x4E,0x3D,Write,NAK
27.811632450000001,1264,0x4E,0x39,Write,ACK
27.811866960000000,1265,0x4E,0x0D,Write,NAK
27.812096470000000,1266,0x4E,0x09,Write,NAK
27.812335919999999,1267,0x4E,0x3D,Write,ACK
27.812565240000001,1268,0x4E,0x39,Write,NAK
27.812799689999999,1269,0x4E,0x9D,Write,NAK
27.813029199999999,1270,0x4E,0x99,Write,NAK
27.813268650000001,1271,0x4E,0x2D,Write,NAK
27.813498030000002,1273,0x4E,0x29,Write,Missing ACK/NAK
27.813732540000000,1275,0x4E,0xFD,Write,Missing ACK/NAK
27.813962060000001,1276,0x4E,0xF9,Write,ACK
27.814201499999999,1277,0x4E,0x3D,Write,NAK
27.814431020000001,1279,0x4E,0x39,Write,Missing ACK/NAK
27.814665460000001,1280,0x4E,0x1D,Write,NAK
27.814894970000001,1281,0x4E,0x19,Write,ACK
27.815134420000000,1282,0x4E,0x3D,Write,NAK
27.815363930000000,1284,0x4E,0x39,Write,Missing ACK/NAK
27.815603379999999,1285,0x4E,0x1D,Write,NAK
27.815832889999999,1286,0x4E,0x19,Write,NAK
27.816072340000002,1287,0x4E,0x2D,Write,NAK
27.816301729999999,1288,0x4E,0x29,Write,ACK
27.816536240000001,1289,0x4E,0xFD,Write,NAK
27.816765749999998,1290,0x4E,0xF9,Write,NAK
27.817005190000000,1291,0x4E,0x3D,Write,ACK
27.817234710000001,1292,0x4E,0x39,Write,ACK
27.817469150000001,1293,0x4E,0x2D,Write,ACK
27.817698660000001,1294,0x4E,0x29,Write,ACK
27.817938110000000,1295,0x4E,0x3D,Write,NAK
27.818167620000001,1296,0x4E,0x39,Write,ACK
27.818402140000000,1297,0x4E,0x0D,Write,ACK
27.818631650000000,1298,0x4E,0x09,Write,NAK
27.818871099999999,1299,0x4E,0x2D,Write,ACK
27.819100610000000,1300,0x4E,0x29,Write,NAK
27.819335120000002,1301,0x4E,0x0D,Write,NAK
27.819564629999999,1302,0x4E,0x09,Write,NAK
27.819804009999999,1304,0x4E,0x3D,Write,Missing ACK/NAK
27.820033400000000,1305,0x4E,0x39,Write,NAK
27.820267850000000,1306,0x4E,0x1D,Write,NAK
27.820497230000001,1307,0x4E,0x19,Write,ACK
27.820741620000000,1308,0x4E,0x3D,Write,NAK
27.820971000000000,1309,0x4E,0x39,Write,ACK
27.821205509999999,1310,0x4E,0x0D,Write,ACK
27.821435030000000,1311,0x4E,0x09,Write,NAK
27.821674410000000,1312,0x4E,0x3D,Write,NAK
27.821903800000001,1313,0x4E,0x39,Write,NAK
27.822138249999998,1314,0x4E,0xAD,Write,NAK
27.822367759999999,1315,0x4E,0xA9,Write,NAK
27.822607210000001,1316,0x4E,0x3D,Write,ACK
27.822836530000000,1317,0x4E,0x39,Write,NAK
27.823070980000001,1318,0x4E,0x4D,Write,NAK
27.823300360000001,1319,0x4E,0x49,Write,ACK
27.823539810000000,1320,0x4E,0x3D,Write,NAK
27.823772259999998,1321,0x4E,0x39,Write,NAK
27.824006709999999,1322,0x4E,0x6D,Write,NAK
27.824236220000000,1323,0x4E,0x69,Write,NAK
27.824475670000002,1324,0x4E,0x3D,Write,ACK
27.824705179999999,1325,0x4E,0x39,Write,NAK
27.824939560000001,1326,0x4E,0xAD,Write,ACK
27.825168949999998,1327,0x4E,0xA9,Write,NAK
27.825408400000001,1328,0x4E,0x3D,Write,NAK
27.825637910000001,1329,0x4E,0x39,Write,NAK
27.825872300000000,1330,0x4E,0x5D,Write,NAK
27.826101680000001,1332,0x4E,0x59,Write,Missing ACK/NAK
27.826346130000001,1333,0x4E,0xCC,Write,ACK
27.826575640000001,1334,0x4E,0xC8,Write,ACK
27.826810150000000,1335,0x4E,0x0C,Write,ACK
27.827039660000001,1336,0x4E,0x08,Write,ACK
27.827324099999998,1337,0x4E,0x3D,Write,NAK
27.827553479999999,1338,0x4E,0x39,Write,NAK
27.827787930000000,1339,0x4E,0x0D,Write,ACK
27.828017320000001,1340,0x4E,0x09,Write,NAK
27.828256769999999,1341,0x4E,0x2D,Write,NAK
27.828486150000000,1342,0x4E,0x29,Write,ACK
27.828720669999999,1343,0x4E,0x0D,Write,ACK
27.828949990000002,1344,0x4E,0x09,Write,NAK
27.829189440000000,1345,0x4E,0x2D,Write,NAK
27.829418830000002,1346,0x4E,0x29,Write,ACK
27.829653329999999,1348,0x4E,0x0D,Write,Missing ACK/NAK
27.829882840000000,1349,0x4E,0x09,Write,ACK
27.830122299999999,1350,0x4E,0x2D,Write,NAK
27.830351799999999,1351,0x4E,0x29,Write,ACK
27.830586310000001,1352,0x4E,0x0D,Write,ACK
27.830815829999999,1353,0x4E,0x09,Write,NAK
27.831055270000000,1354,0x4E,0x2D,Write,ACK
27.831284780000001,1355,0x4E,0x29,Write,ACK
27.831519300000000,1356,0x4E,0x0D,Write,NAK
27.831748810000001,1357,0x4E,0x09,Write,NAK
27.831993260000001,1358,0x4E,0x2D,Write,ACK
27.832222770000001,1359,0x4E,0x29,Write,NAK
27.832457280000000,1360,0x4E,0x0D,Write,ACK
27.832686780000000,1361,0x4E,0x09,Write,NAK
27.832926230000002,1362,0x4E,0x2D,Write,ACK
27.833155750000000,1363,0x4E,0x29,Write,NAK
27.833390260000002,1364,0x4E,0x0D,Write,NAK
27.833619769999999,1365,0x4E,0x09,Write,NAK
27.833859220000001,1366,0x4E,0x2D,Write,NAK
27.834088730000001,1367,0x4E,0x29,Write,NAK
27.834323240000000,1368,0x4E,0x0D,Write,NAK
27.834552750000000,1369,0x4E,0x09,Write,NAK
27.834792199999999,1370,0x4E,0x3D,Write,NAK
27.835021709999999,1371,0x4E,0x39,Write,NAK
27.835256160000000,1372,0x4E,0x2D,Write,ACK
27.835485670000001,1373,0x4E,0x29,Write,NAK
27.835725119999999,1374,0x4E,0x3D,Write,ACK
27.835954630000000,1375,0x4E,0x39,Write,NAK
27.836189009999998,1376,0x4E,0x3D,Write,NAK
27.836418399999999,1377,0x4E,0x39,Write,NAK
27.836657850000002,1378,0x4E,0x3D,Write,NAK
27.836887359999999,1379,0x4E,0x39,Write,NAK
27.837126120000001,1380,0x4E,0x3D,Write,NAK
27.837355509999998,1381,0x4E,0x39,Write,ACK
27.837594950000000,1382,0x4E,0x3D,Write,NAK
27.837824470000001,1383,0x4E,0x39,Write,ACK
27.838058849999999,1384,0x4E,0x7D,Write,NAK
27.838288360000000,1385,0x4E,0x79,Write,NAK
27.838527809999999,1386,0x4E,0x3D,Write,NAK
27.838757319999999,1387,0x4E,0x39,Write,NAK
27.838991770000000,1388,0x4E,0x9D,Write,NAK
27.839221089999999,1390,0x4E,0x99,Write,Missing ACK/NAK
27.839460540000001,1391,0x4E,0x3D,Write,NAK
27.839690050000002,1392,0x4E,0x39,Write,NAK
27.839924560000000,1393,0x4E,0x0D,Write,NAK
27.840154070000001,1394,0x4E,0x09,Write,ACK
27.840393519999999,1395,0x4E,0x2D,Write,NAK
27.840623030000000,1396,0x4E,0x29,Write,NAK
27.840857539999998,1397,0x4E,0x0D,Write,NAK
27.841087060000000,1398,0x4E,0x09,Write,ACK
32.840231950000003,1399,0x4E,0x0C,Write,ACK
32.840461329999997,1400,0x4E,0x08,Write,ACK
32.840695840000002,1401,0x4E,0x1C,Write,ACK
32.840925349999999,1402,0x4E,0x18,Write,ACK
32.843174359999999,1403,0x4E,0x0C,Write,ACK
32.843403870000003,1404,0x4E,0x08,Write,ACK
32.843638380000002,1405,0x4E,0x2C,Write,ACK
32.843867889999999,1406,0x4E,0x28,Write,ACK
32.846116960000003,1407,0x4E,0x3D,Write,NAK
32.846346470000000,1408,0x4E,0x39,Write,NAK
32.846580920000001,1409,0x4E,0x0D,Write,NAK
32.846810300000001,1411,0x4E,0x09,Write,Missing ACK/NAK
32.847049749999996,1412,0x4E,0x3D,Write,NAK
32.847279260000001,1414,0x4E,0x39,Write,Missing ACK/NAK
32.847513650000003,1415,0x4E,0x9D,Write,NAK
32.847743039999997,1416,0x4E,0x99,Write,ACK
32.847982479999999,1417,0x4E,0x2D,Write,NAK
32.848211870000000,1418,0x4E,0x29,Write,NAK
32.848446379999999,1419,0x4E,0xFD,Write,NAK
32.848675890000003,1420,0x4E,0xF9,Write,NAK
32.848915339999998,1421,0x4E,0x3D,Write,NAK
32.849144850000002,1422,0x4E,0x39,Write,NAK
32.849383480000000,1423,0x4E,0x1D,Write,ACK
32.849612870000001,1424,0x4E,0x19,Write,NAK
32.849852319999997,1425,0x4E,0x3D,Write,NAK
32.850081830000001,1426,0x4E,0x39,Write,NAK
32.850316280000001,1427,0x4E,0x1D,Write,NAK
32.850545789999998,1428,0x4E,0x19,Write,NAK
32.850785240000000,1429,0x4E,0x2D,Write,NAK
32.851014620000001,1431,0x4E,0x29,Write,Missing ACK/NAK
32.851249129999999,1432,0x4E,0xFD,Write,ACK
32.851478520000001,1433,0x4E,0xF9,Write,NAK
32.851717899999997,1434,0x4E,0x3D,Write,ACK
32.851947289999998,1435,0x4E,0x39,Write,NAK
32.852181739999999,1436,0x4E,0x2D,Write,NAK
32.852411130000000,1437,0x4E,0x29,Write,NAK
32.852650509999997,1438,0x4E,0x3D,Write,NAK
32.852879899999998,1439,0x4E,0x39,Write,NAK
32.853114410000003,1440,0x4E,0x0D,Write,NAK
32.853343920000000,1441,0x4E,0x09,Write,NAK
32.853588360000003,1442,0x4E,0x2D,Write,NAK
32.853817880000001,1443,0x4E,0x29,Write,NAK
32.854052390000000,1444,0x4E,0x0D,Write,NAK
32.854281899999997,1445,0x4E,0x09,Write,NAK
32.854521290000001,1446,0x4E,0x3D,Write,ACK
32.854750670000001,1447,0x4E,0x39,Write,NAK
32.854985120000002,1448,0x4E,0x1D,Write,NAK
32.855214510000003,1449,0x4E,0x19,Write,NAK
32.855453949999998,1450,0x4E,0x3D,Write,ACK
32.855683280000001,1451,0x4E,0x39,Write,NAK
32.855917789999999,1452,0x4E,0x0D,Write,NAK
32.856147300000003,1453,0x4E,0x09,Write,NAK
32.856386739999998,1454,0x4E,0x3D,Write,NAK
32.856616260000003,1455,0x4E,0x39,Write,NAK
32.856850639999998,1456,0x4E,0xAD,Write,ACK
32.857080029999999,1457,0x4E,0xA9,Write,NAK
32.857319480000001,1458,0x4E,0x3D,Write,NAK
32.857548989999998,1459,0x4E,0x39,Write,NAK
32.857783439999999,1460,0x4E,0x4D,Write,NAK
32.858012950000003,1461,0x4E,0x49,Write,NAK
32.858252389999997,1462,0x4E,0x3D,Write,NAK
32.858481910000002,1463,0x4E,0x39,Write,NAK
32.858721420000002,1464,0x4E,0x7D,Write,NAK
32.858950800000002,1465,0x4E,0x79,Write,ACK
32.859190249999997,1467,0x4E,0x3D,Write,Missing ACK/NAK
32.859419760000002,1468,0x4E,0x39,Write,ACK
32.859654149999997,1469,0x4E,0xAD,Write,NAK
32.859883539999998,1470,0x4E,0xA9,Write,NAK
32.860122980000000,1471,0x4E,0x3D,Write,NAK
32.860352499999998,1472,0x4E,0x39,Write,ACK
32.860586939999997,1474,0x4E,0x5D,Write,Missing ACK/NAK
32.860816270000001,1475,0x4E,0x59,Write,NAK
32.861060709999997,1476,0x4E,0xCC,Write,ACK
32.861290220000001,1477,0x4E,0xC8,Write,ACK
32.861524740000000,1478,0x4E,0x0C,Write,ACK
32.861754120000001,1479,0x4E,0x08,Write,ACK
32.862038560000002,1480,0x4E,0x3D,Write,NAK
32.862268069999999,1481,0x4E,0x39,Write,NAK
32.862502579999997,1482,0x4E,0x0D,Write,NAK
32.862732090000002,1483,0x4E,0x09,Write,ACK
32.862971539999997,1484,0x4E,0x2D,Write,NAK
32.863201050000001,1486,0x4E,0x29,Write,Missing ACK/NAK
32.863435559999999,1487,0x4E,0x0D,Write,NAK
32.863665070000003,1488,0x4E,0x09,Write,ACK
32.863904519999998,1489,0x4E,0x2D,Write,NAK
32.864134040000003,1491,0x4E,0x29,Write,Missing ACK/NAK
32.864368540000001,1493,0x4E,0x0D,Write,Missing ACK/NAK
32.864598059999999,1494,0x4E,0x09,Write,ACK
32.864837500000000,1495,0x4E,0x2D,Write,NAK
32.865067009999997,1497,0x4E,0x29,Write,Missing ACK/NAK
32.865301530000004,1498,0x4E,0x0D,Write,ACK
32.865531040000000,1499,0x4E,0x09,Write,ACK
32.865770490000003,1500,0x4E,0x2D,Write,ACK
32.865999989999999,1501,0x4E,0x29,Write,ACK
32.866234509999998,1502,0x4E,0x0D,Write,ACK
32.866464020000002,1503,0x4E,0x09,Write,NAK
32.866703459999997,1504,0x4E,0x2D,Write,ACK
32.866932970000001,1505,0x4E,0x29,Write,NAK
32.867167490000000,1506,0x4E,0x0D,Write,NAK
32.867396999999997,1507,0x4E,0x09,Write,NAK
32.867636439999998,1508,0x4E,0x2D,Write,NAK
32.867865830000000,1510,0x4E,0x29,Write,Missing ACK/NAK
32.868100280000000,1511,0x4E,0x0D,Write,NAK
32.868329670000001,1512,0x4E,0x09,Write,NAK
32.868569110000003,1513,0x4E,0x2D,Write,ACK
32.868798499999997,1514,0x4E,0x29,Write,NAK
32.869032949999998,1515,0x4E,0x0D,Write,NAK
32.869262339999999,1516,0x4E,0x09,Write,NAK
32.869501780000000,1517,0x4E,0x3D,Write,ACK
32.869731289999997,1518,0x4E,0x39,Write,NAK
32.869970799999997,1519,0x4E,0x7D,Write,ACK
32.870200189999998,1520,0x4E,0x79,Write,NAK
32.870439640000001,1521,0x4E,0x3D,Write,NAK
32.870669149999998,1522,0x4E,0x39,Write,NAK
32.870903599999998,1523,0x4E,0x2D,Write,NAK
32.871133110000002,1524,0x4E,0x29,Write,NAK
32.871372559999998,1525,0x4E,0x3D,Write,NAK
32.871602070000002,1526,0x4E,0x39,Write,NAK
32.871836520000002,1527,0x4E,0x2D,Write,ACK
32.872066029999999,1528,0x4E,0x29,Write,NAK
32.872305480000001,1529,0x4E,0x3D,Write,ACK
32.872534989999998,1530,0x4E,0x39,Write,NAK
32.872769429999998,1531,0x4E,0x2D,Write,ACK
32.872998819999999,1532,0x4E,0x29,Write,NAK
32.873238209999997,1533,0x4E,0x3D,Write,NAK
32.873467589999997,1535,0x4E,0x39,Write,Missing ACK/NAK
32.873701980000000,1536,0x4E,0x7D,Write,NAK
32.873931370000001,1537,0x4E,0x79,Write,NAK
32.874170749999998,1538,0x4E,0x3D,Write,NAK
32.874400139999999,1539,0x4E,0x39,Write,NAK
32.874634520000001,1540,0x4E,0x7D,Write,NAK
32.874863910000002,1541,0x4E,0x79,Write,NAK
32.875108349999998,1542,0x4E,0x2D,Write,ACK
32.875337870000003,1543,0x4E,0x29,Write,NAK
32.875572380000001,1544,0x4E,0x0D,Write,NAK
32.875801889999998,1545,0x4E,0x09,Write,NAK
